<?xml version="1.0" encoding="UTF-8"?>
<beans xmlns="http://www.springframework.org/schema/beans"
	xmlns:xsi="http://www.w3.org/2001/XMLSchema-instance" 
	xmlns:context="http://www.springframework.org/schema/context"   
    xmlns:p="http://www.springframework.org/schema/p" 
    xmlns:tx="http://www.springframework.org/schema/tx" 
	xmlns:mvc="http://www.springframework.org/schema/mvc"
	xsi:schemaLocation="http://www.springframework.org/schema/beans
    	http://www.springframework.org/schema/beans/spring-beans.xsd
    	http://www.springframework.org/schema/context
    	http://www.springframework.org/schema/context/spring-context.xsd   	
    	http://www.springframework.org/schema/tx
    	http://www.springframework.org/schema/tx/spring-tx.xsd
    	http://www.springframework.org/schema/mvc
    	http://www.springframework.org/schema/mvc/spring-mvc.xsd">
    	
    	<tx:annotation-driven/>
    	<context:component-scan base-package="project"></context:component-scan>
    	
    	<bean name="multipartResolver" class="org.springframework.web.multipart.commons.CommonsMultipartResolver"></bean>
    	
    	<mvc:annotation-driven/>
    	<mvc:resources location="/assets/" mapping="/r/**"></mvc:resources>
    	
    	<bean name="ds" class="org.springframework.jdbc.datasource.DriverManagerDataSource">  
        <property name="driverClassName"  value="com.mysql.jdbc.Driver"></property>  
        <property name="url" value="jdbc:mysql://localhost:3306/realestate"></property>  
        <property name="username" value="root"></property>  
        <property name="password" value=""></property>  
    	</bean> 
    	
    	<bean name="factory"  class="org.springframework.orm.hibernate5.LocalSessionFactoryBean">  
        <property name="dataSource" ref="ds"></property>  
          
        <property name="annotatedClasses">  
        <list>  
        	<value>project.beans.availableProduct</value>
        	<value>project.beans.Customer</value>
        	<value>project.beans.orders</value>
        	<value>project.beans.ownerDetails</value>
        	<value>project.beans.Complex</value>
        	<value>project.beans.Hospital</value>
        	<value>project.beans.Office</value>
        	<value>project.beans.ResidentialBuilding</value>
        	<value>project.beans.Villa</value>
        </list>  
        </property>  
     
          
        <property name="hibernateProperties">  
            <props>  
                <prop key="hibernate.dialect">org.hibernate.dialect.MySQL5Dialect</prop>  
                <prop key="hibernate.hbm2ddl.auto">update</prop>  
                <prop key="hibernate.show_sql">true</prop>  
                  
            </props>  
        </property>  
    	</bean> 
    	
    	<bean  name="viewResolver"
		class="org.springframework.web.servlet.view.InternalResourceViewResolver">
		<property name="prefix" value="/WEB-INF/views/" />
		<property name="suffix" value=".jsp" />
		</bean> 
		
		<bean name="hibernateTemplate" class="org.springframework.orm.hibernate5.HibernateTemplate">  
    	<property name="sessionFactory" ref="factory"></property> 
    	<property name="checkWriteOperations" value="false"></property> 
    	</bean>
    	
    	<bean name="transactionManager" class="org.springframework.orm.hibernate5.HibernateTransactionManager">  
    <property name="sessionFactory" ref="factory"></property>  
    </bean> 
    

</beans>